"SEX","n","island","ID","tripID","n_locs","departure","return","duration","total_dist","max_dist","direction","Mean_Depth","Median_Depth","SD_Depth","Max_Depth","Min_Depth","Source","Island"
"F","1","MS","SL1","SL1_01","724","2022-09-21 16:22:30","2022-09-21 18:26:12","2.06166666666667","69.5795030817384","28.5140153791066","172.697892442689",1.14540509455935,1.1586479151246,0.341212376994419,8.32963237108316,0.741179373303725,"SP","SP"
"F","1","MS","SL1","SL1_01","724","2022-09-21 16:22:30","2022-09-21 18:26:12","2.06166666666667","69.5795030817384","28.5140153791066","172.697892442689",1.14674758346931,1.14976560572416,0.083571966874282,1.5840118430792,0.946459412780659,"MS","MS"
"F","2","MS","SL1","SL1_02","847","2022-09-22 10:17:30","2022-09-22 12:48:51","2.5225","97.8176524182013","30.7448955607165","324.525186042493",1.2190212055411,1.21194177152726,0.174113596044348,4.35134468295089,0.916851714779172,"SP","SP"
"F","2","MS","SL1","SL1_02","847","2022-09-22 10:17:30","2022-09-22 12:48:51","2.5225","97.8176524182013","30.7448955607165","324.525186042493",0.919189103295153,0.958302491981252,0.57720817121162,16.2457438934123,-0.682950900567477,"MS","MS"
"F","3","MS","SL1","SL1_03","493","2022-09-22 15:37:20","2022-09-22 17:04:19","1.44972222222222","53.9954947369194","23.9271369578592","169.840817239706",0.641610226366766,0.639526276831978,0.0888699857133891,0.876387860843819,0.399703923019981,"MS","MS"
"F","4","MS","SL1","SL1_04","678","2022-09-23 08:37:50","2022-09-23 10:35:41","1.96416666666667","83.4384826616602","31.019317696734","323.970925318647",1.24160187253406,1.28694793979768,0.236697453243401,4.81717246484085,0.296076980014804,"MS","MS"
"F","5","MS","SL1","SL1_05","709","2022-09-24 03:53:51","2022-09-24 05:54:01","2.00277777777778","84.1370179163308","29.9990005488517","323.810536392498",2.21396259783538,2.22156427337774,0.0896314144517047,2.46829509005675,1.85442881815938,"MS","MS"
"F","6","MS","SL10","SL10_01","765","2022-09-22 09:00:00","2022-09-22 11:08:30","2.14166666666667","76.7211195704851","19.3819733541741","155.924113644326",1.90681539066007,1.88107574636072,0.411397509316244,11.3723168023686,1.24154946952874,"SP","SP"
"F","6","MS","SL10","SL10_01","765","2022-09-22 09:00:00","2022-09-22 11:08:30","2.14166666666667","76.7211195704851","19.3819733541741","155.924113644326",1.84220416688184,1.83962496915866,0.0634411172987156,2.03306192943498,1.62546262028128,"MS","MS"
"F","7","MS","SL10","SL10_02","1086","2022-09-22 13:15:49","2022-09-22 16:28:00","3.20305555555556","62.1681907199412","26.201833473515","171.524595772211",2.22561057794218,2.206760424377,0.460774131654554,13.6590180113496,1.72218110041945,"SP","SP"
"F","7","MS","SL10","SL10_02","1086","2022-09-22 13:15:49","2022-09-22 16:28:00","3.20305555555556","62.1681907199412","26.201833473515","171.524595772211",1.51586423706119,1.4971625956082,0.116967509729591,3.88946459412781,1.29188255613125,"MS","MS"
"F","8","MS","SL10","SL10_03","746","2022-09-23 09:01:10","2022-09-23 11:24:20","2.38611111111111","92.7889184549609","31.2598209585121","179.55882031805",2.26536677313879,2.2644954354799,0.0671449206111647,2.50579817419197,2.09030347890452,"SP","SP"
"F","8","MS","SL10","SL10_03","746","2022-09-23 09:01:10","2022-09-23 11:24:20","2.38611111111111","92.7889184549609","31.2598209585121","179.55882031805",1.90338859878986,1.89884036516161,0.302717605066721,8.48457932395756,1.45867258820626,"MS","MS"
"F","9","MS","SL10","SL10_04","1813","2022-09-23 11:36:39","2022-09-23 16:51:50","5.25305555555556","129.398885802383","26.5103951226454","9.37774888480772",2.28198324761717,2.24525043177893,0.579866873863931,17.7419195657538,1.79225265235629,"MS","MS"
"F","10","MS","SL10","SL10_05","1821","2022-09-24 08:57:00","2022-09-24 14:18:19","5.35527777777778","151.341336610273","46.6357397389664","176.536982642224",2.82256206309778,2.82161361954107,0.188760581044754,8.75302245250432,2.37058968665186,"MS","MS"
"F","11","MS","SL10","SL10_06","370","2022-09-24 17:08:11","2022-09-24 18:09:40","1.02472222222222","41.1130839452078","19.1440913151331","180.229578487244",2.72897886783897,2.72686898593635,0.0492370792228935,2.87589439921047,2.58080434246238,"MS","MS"
"F","12","MS","SL10","SL10_07","768","2022-09-25 09:57:49","2022-09-25 12:15:00","2.28638888888889","67.920552334292","23.7523356689512","113.917379068652",2.87533025947858,2.87490747594376,0.0504622633851857,3.06834443622008,2.68344436220084,"MS","MS"
"M","13","MS","SL11","SL11_01","1312","2022-09-23 17:11:23","2022-09-23 21:31:23","4.33333333333333","101.714336411638","24.0740517899006","217.520245866321",1.75228314598181,1.76264495435479,0.0827012742377815,1.98865038243277,1.51788798420924,"SP","SP"
"M","13","MS","SL11","SL11_01","1312","2022-09-23 17:11:23","2022-09-23 21:31:23","4.33333333333333","101.714336411638","24.0740517899006","217.520245866321",1.79772962514969,1.65901801134961,1.36616834009408,23.5578583765112,1.43794719960522,"MS","MS"
"M","14","MS","SL11","SL11_02","771","2022-09-24 15:03:19","2022-09-24 17:21:40","2.30583333333333","75.8915428920069","29.1969385453492","194.13355928841",1.5261344497659,1.51739452257587,0.160582327954082,3.70194917345176,1.0846286701209,"SP","SP"
"M","14","MS","SL11","SL11_02","771","2022-09-24 15:03:19","2022-09-24 17:21:40","2.30583333333333","75.8915428920069","29.1969385453492","194.13355928841",2.42652950691361,2.3547989143844,1.19781996953998,29.4951887490747,1.78633111275597,"MS","MS"
"M","15","MS","SL12","SL12_01","1383","2022-09-23 16:44:41","2022-09-23 20:57:11","4.20833333333333","114.174375721054","24.6793627979037","319.427368525965",1.8469942959657,1.84752035529238,0.0924469196591373,2.38638045891933,1.52775721687639,"SP","SP"
"M","15","MS","SL12","SL12_01","1383","2022-09-23 16:44:41","2022-09-23 20:57:11","4.20833333333333","114.174375721054","24.6793627979037","319.427368525965",1.81320782416214,1.78633111275597,1.07608038749339,27.3841598815692,-0.58129780409573,"MS","MS"
"M","16","MS","SL12","SL12_02","456","2022-09-24 18:21:10","2022-09-24 19:37:00","1.26388888888889","49.2329802751161","20.5227857610054","169.025755669499",2.07556346076182,2.06563039723662,0.409941987590849,11.9842092277325,1.67480878361708,"SP","SP"
"M","16","MS","SL12","SL12_02","456","2022-09-24 18:21:10","2022-09-24 19:37:00","1.26388888888889","49.2329802751161","20.5227857610054","169.025755669499",2.40465585379684,2.4194423883543,0.0794981531591611,2.60547742413028,1.94423883543055,"MS","MS"
"M","17","MS","SL13","SL13_01","1251","2022-09-23 17:12:39","2022-09-23 21:21:52","4.15361111111111","89.9654846249342","20.2179968554482","194.043832636839",1.45404638539354,1.45275104860597,0.325112450947039,9.06883789785345,1.08956328645447,"SP","SP"
"M","17","MS","SL13","SL13_01","1251","2022-09-23 17:12:39","2022-09-23 21:21:52","4.15361111111111","89.9654846249342","20.2179968554482","194.043832636839",1.61968799362824,1.553417221811,0.561665250849312,8.78855169010609,1.15766099185788,"MS","MS"
"M","18","MS","SL13","SL13_02","602","2022-09-24 14:29:30","2022-09-24 16:14:20","1.74722222222222","67.2326901046529","31.1542541211353","211.562717051961",1.70143959878548,1.69652109548483,0.075263684838921,1.91068344436219,1.51492721440907,"SP","SP"
"M","18","MS","SL13","SL13_02","602","2022-09-24 14:29:30","2022-09-24 16:14:20","1.74722222222222","67.2326901046529","31.1542541211353","211.562717051961",2.29918793379032,2.29558351838145,0.0711390743708361,2.50678509745868,2.05378731803602,"MS","MS"
"M","19","MS","SL13","SL13_03","952","2022-09-24 18:42:50","2022-09-24 21:40:43","2.96472222222222","111.977068130849","37.8196819597079","210.71788949172",1.54569739414299,1.54552183567728,0.0717189132140298,2.39230199851962,1.32839871699976,"SP","SP"
"M","19","MS","SL13","SL13_03","952","2022-09-24 18:42:50","2022-09-24 21:40:43","2.96472222222222","111.977068130849","37.8196819597079","210.71788949172",2.27504726141689,2.08438193930421,1.70519797787767,22.7702936096718,1.84653343202566,"MS","MS"
"M","20","MS","SL13","SL13_04","617","2022-09-25 13:42:11","2022-09-25 15:29:21","1.78611111111111","61.9758070083005","15.2796740331338","274.310458585327",1.71043253725553,1.68467801628423,0.434665629629445,10.0113496175672,1.47150259067358,"SP","SP"
"M","20","MS","SL13","SL13_04","617","2022-09-25 13:42:11","2022-09-25 15:29:21","1.78611111111111","61.9758070083005","15.2796740331338","274.310458585327",2.23691836808959,2.16136195410808,1.07261603885729,15.8973599802615,1.14285714285714,"MS","MS"
"M","21","MS","SL13","SL13_05","1765","2022-09-25 15:48:29","2022-09-25 20:55:29","5.11666666666667","75.2602107216365","23.90351979368","70.5458921660435",1.69968747429887,1.69306686405133,0.21295935051016,6.19096965210955,1.306686405132,"SP","SP"
"M","21","MS","SL13","SL13_05","1765","2022-09-25 15:48:29","2022-09-25 20:55:29","5.11666666666667","75.2602107216365","23.90351979368","70.5458921660435",1.79334302083792,1.78238341968911,0.098535294395734,2.11695040710585,1.56328645447816,"MS","MS"
"M","22","MS","SL16","SL16_01","693","2022-09-23 17:31:50","2022-09-23 19:31:59","2.0025","58.2754883218967","24.0363576305648","216.826414662423",1.44080807838648,1.48235874660745,0.156954562831736,3.09104367135455,0.994818652849745,"SP","SP"
"M","22","MS","SL16","SL16_01","693","2022-09-23 17:31:50","2022-09-23 19:31:59","2.0025","58.2754883218967","24.0363576305648","216.826414662423",1.9928278665886,1.99555884529978,0.0910150465732725,2.67850974586727,1.48729336294102,"MS","MS"
"M","23","MS","SL16","SL16_02","519","2022-09-24 15:33:10","2022-09-24 16:59:30","1.43888888888889","62.835771943423","31.2241553589571","212.317167744989",1.80393990156739,1.80409573155687,0.0802463627721846,2.51961509992598,1.52479644707624,"SP","SP"
"M","23","MS","SL16","SL16_02","519","2022-09-24 15:33:10","2022-09-24 16:59:30","1.43888888888889","62.835771943423","31.2241553589571","212.317167744989",2.68231340148439,2.68541820873427,0.0597263673476138,2.80483592400692,2.49395509499136,"MS","MS"
"M","24","MS","SL16","SL16_03","835","2022-09-25 10:56:50","2022-09-25 13:32:50","2.6","103.603099566658","40.4729997818895","210.330576609215",1.7833197733339,1.78633111275597,0.0651078815779116,2.06365655070319,1.56920799407847,"SP","SP"
"M","24","MS","SL16","SL16_03","835","2022-09-25 10:56:50","2022-09-25 13:32:50","2.6","103.603099566658","40.4729997818895","210.330576609215",2.70346202293298,2.70318282753517,0.0614762508886958,2.88773747841105,2.48013816925735,"MS","MS"
"F","25","MS","SL17","SL17_01","827","2022-09-22 18:47:30","2022-09-22 21:07:12","2.32833333333333","97.9233815105067","32.1806984901129","177.683619191341",0.555409248509876,0.518134715025907,0.186230084812642,1.20503330866026,0.270416975080188,"SP","SP"
"F","25","MS","SL17","SL17_01","827","2022-09-22 18:47:30","2022-09-22 21:07:12","2.32833333333333","97.9233815105067","32.1806984901129","177.683619191341",1.22368102687755,1.26918332099678,0.198397628707019,1.58006415001234,0.173698494942017,"MS","MS"
"F","26","MS","SL17","SL17_02","2152","2022-09-23 09:33:59","2022-09-23 16:58:13","7.40388888888889","171.461811224742","57.4018765716715","202.028910264686",1.83554249802452,1.880088823094,0.26779205983189,2.27880582284727,1.32741179373304,"SP","SP"
"F","26","MS","SL17","SL17_02","2152","2022-09-23 09:33:59","2022-09-23 16:58:13","7.40388888888889","171.461811224742","57.4018765716715","202.028910264686",1.91217105065203,2.04687885516901,0.56862296566001,7.84505304712559,0.763878608438195,"MS","MS"
"F","27","MS","SL17","SL17_03","2007","2022-09-24 08:55:41","2022-09-24 15:18:29","6.38","221.183173187082","82.3328836737586","199.957274747199",1.87319089677432,2.04885270170244,0.53690698703198,6.27683197631383,0.934616333580067,"SP","SP"
"F","27","MS","SL17","SL17_03","2007","2022-09-24 08:55:41","2022-09-24 15:18:29","6.38","221.183173187082","82.3328836737586","199.957274747199",2.88799212658858,2.7673328398717,1.64640708718838,27.2065136935603,2.2008388847767,"MS","MS"
"F","28","MS","SL17","SL17_04","380","2022-09-24 17:23:00","2022-09-24 18:30:21","1.1225","45.2655795948934","21.142819794621","158.879735431728",2.1446462512414,2.14310387367382,0.251620225700658,6.49790278805822,1.81692573402419,"SP","SP"
"F","28","MS","SL17","SL17_04","380","2022-09-24 17:23:00","2022-09-24 18:30:21","1.1225","45.2655795948934","21.142819794621","158.879735431728",2.64465290961703,2.65778435726623,0.100439243454616,2.81569207994078,2.126819639773,"MS","MS"
"F","29","MS","SL17","SL17_05","567","2022-09-25 12:56:20","2022-09-25 14:30:41","1.5725","57.7284921794977","26.3986330674284","127.678076701058",2.32404363118907,2.32420429311621,0.119754763690831,2.60054280779668,2.07549962990377,"SP","SP"
"F","29","MS","SL17","SL17_05","567","2022-09-25 12:56:20","2022-09-25 14:30:41","1.5725","57.7284921794977","26.3986330674284","127.678076701058",2.89055863467591,2.8778682457439,0.129221252979309,5.1408832963237,2.74463360473723,"MS","MS"
"F","30","MS","SL17","SL17_06","495","2022-09-25 18:37:42","2022-09-25 20:12:17","1.57638888888889","51.6499339885655","19.7651279770585","86.1245627123217",2.17561928108477,2.17567234147545,0.0735287089001963,2.3547989143844,1.97582037996546,"SP","SP"
"F","30","MS","SL17","SL17_06","495","2022-09-25 18:37:42","2022-09-25 20:12:17","1.57638888888889","51.6499339885655","19.7651279770585","86.1245627123217",2.47298532539095,2.44362200838885,0.379326567366319,9.56920799407846,2.27288428324697,"MS","MS"
"F","31","MS","SL17","SL17_07","460","2022-09-26 09:02:01","2022-09-26 10:24:33","1.37555555555556","56.444659911228","23.9599384604121","66.058195701799",2.25852305437798,2.24031581544535,0.0965476444739267,2.48605970885764,1.98667653589934,"SP","SP"
"F","31","MS","SL17","SL17_07","460","2022-09-26 09:02:01","2022-09-26 10:24:33","1.37555555555556","56.444659911228","23.9599384604121","66.058195701799",2.28173226488162,2.27189735998026,0.0617877608382219,2.4830989390575,2.13471502590675,"MS","MS"
"F","32","MS","SL17","SL17_08","434","2022-09-26 11:20:50","2022-09-26 12:33:00","1.20277777777778","39.2776869198656","14.6166820114021","349.928333719475",1.84376799078872,1.98272884283246,0.320614946699368,2.7920059215396,1.15173945225759,"SP","SP"
"F","32","MS","SL17","SL17_08","434","2022-09-26 11:20:50","2022-09-26 12:33:00","1.20277777777778","39.2776869198656","14.6166820114021","349.928333719475",2.35783245272035,2.35677276091785,0.102127082162281,2.90846286701209,2.03207500616826,"MS","MS"
"F","33","MS","SL18","SL18_01","484","2022-09-22 14:30:00","2022-09-22 15:53:52","1.39777777777778","47.0158595931188","19.7791580481987","161.224876260911",1.5277003664578,1.52479644707624,0.162199688619154,1.8919319022946,1.20898100172712,"SP","SP"
"F","33","MS","SL18","SL18_01","484","2022-09-22 14:30:00","2022-09-22 15:53:52","1.39777777777778","47.0158595931188","19.7791580481987","161.224876260911",1.20285029331507,1.21885023439427,0.154816187033921,2.56797433999506,0.681963977300762,"MS","MS"
"F","34","MS","SL18","SL18_02","533","2022-09-22 17:49:40","2022-09-22 19:18:21","1.47805555555556","45.5511752139266","19.121601237228","164.05533080295",2.11149736804462,2.03898346903529,0.65438588701004,9.62250185048113,1.79521342215643,"SP","SP"
"F","34","MS","SL18","SL18_02","533","2022-09-22 17:49:40","2022-09-22 19:18:21","1.47805555555556","45.5511752139266","19.121601237228","164.05533080295",0.957966040867595,0.978040957315566,0.115121005912019,1.22871946706144,0.567480878361707,"MS","MS"
"F","35","MS","SL18","SL18_03","881","2022-09-23 09:45:19","2022-09-23 12:18:40","2.55583333333333","95.893739587126","35.6171045966699","209.407860205157",1.99884195697333,1.98470268936589,0.243127467247699,5.59684184554651,1.74488033555392,"SP","SP"
"F","35","MS","SL18","SL18_03","881","2022-09-23 09:45:19","2022-09-23 12:18:40","2.55583333333333","95.893739587126","35.6171045966699","209.407860205157",1.63209915179689,1.61756723414755,0.712330890336407,15.7355045645201,0.472736244756967,"MS","MS"
"F","36","MS","SL18","SL18_04","2387","2022-09-24 09:15:10","2022-09-24 16:22:31","7.1225","232.292615092422","82.8222628645412","200.092279088335",1.91903955634526,1.92844806316309,0.101237484455383,2.206760424377,1.66395262768319,"SP","SP"
"F","36","MS","SL18","SL18_04","2387","2022-09-24 09:15:10","2022-09-24 16:22:31","7.1225","232.292615092422","82.8222628645412","200.092279088335",2.35969737686488,2.35874660745128,0.607361637704944,12.9454724895139,1.38465334320256,"MS","MS"
"F","37","MS","SL18","SL18_05","370","2022-09-24 19:04:19","2022-09-24 20:05:50","1.02527777777778","42.4331543976948","19.6739839893313","168.673739121034",1.98807412522334,1.98618307426598,0.173756232445661,4.98889711324944,1.56427337774487,"SP","SP"
"F","37","MS","SL18","SL18_05","370","2022-09-24 19:04:19","2022-09-24 20:05:50","1.02527777777778","42.4331543976948","19.6739839893313","168.673739121034",2.54500262099571,2.54231433506045,0.0972305803687765,3.34961756723415,2.32617813964964,"MS","MS"
"M","38","MS","SL19","SL19_01","457","2022-09-22 12:42:39","2022-09-22 14:09:19","1.44444444444444","27.0686252019443","7.42267459053396","162.502848393231",1.63068320024691,1.66197878114976,0.134351020600327,2.61633358006415,1.31556871453244,"SP","SP"
"M","38","MS","SL19","SL19_01","457","2022-09-22 12:42:39","2022-09-22 14:09:19","1.44444444444444","27.0686252019443","7.42267459053396","162.502848393231",1.51697370250275,1.32050333086604,1.16900316003227,12.4628670120898,1.00863557858377,"MS","MS"
"M","39","MS","SL19","SL19_02","499","2022-09-24 16:44:12","2022-09-24 18:08:31","1.40527777777778","47.5573807399102","19.7514480610064","173.292285041425",2.08369984267088,2.07549962990377,0.203062474758275,6.53441894892672,1.78337034295583,"SP","SP"
"M","39","MS","SL19","SL19_02","499","2022-09-24 16:44:12","2022-09-24 18:08:31","1.40527777777778","47.5573807399102","19.7514480610064","173.292285041425",2.74360536840354,2.74364668147051,0.0836292913228887,2.93313594867999,2.51369356032569,"MS","MS"
"M","40","MS","SL19","SL19_03","569","2022-09-25 09:33:30","2022-09-25 11:10:41","1.61972222222222","57.1569656483081","12.3052475797528","226.047335567975",2.14041802625399,2.12583271650629,0.43038216505213,13.8692326671601,1.86035035775968,"SP","SP"
"M","40","MS","SL19","SL19_03","569","2022-09-25 09:33:30","2022-09-25 11:10:41","1.61972222222222","57.1569656483081","12.3052475797528","226.047335567975",2.83197885745827,2.82309400444115,0.162012510451131,5.61263261781395,2.61633358006415,"MS","MS"
"M","41","MS","SL19","SL19_04","734","2022-09-25 15:32:50","2022-09-25 17:36:39","2.06361111111111","55.7460020416716","21.6461706737548","81.0140827982365",2.20046303576063,2.19442388354306,0.142933595665196,4.54675548976067,1.92844806316309,"SP","SP"
"M","41","MS","SL19","SL19_04","734","2022-09-25 15:32:50","2022-09-25 17:36:39","2.06361111111111","55.7460020416716","21.6461706737548","81.0140827982365",2.5412410560079,2.5393535652603,0.0865623170502866,2.79496669133974,2.28571428571429,"MS","MS"
"M","42","MS","SL2","SL2_01","1311","2022-09-22 12:29:10","2022-09-22 16:20:09","3.84972222222222","135.850836852219","27.5189588511109","317.999120867012",1.91354148608998,1.90969652109548,0.361332748892188,8.6099185788305,1.54946952874414,"SP","SP"
"M","42","MS","SL2","SL2_01","1311","2022-09-22 12:29:10","2022-09-22 16:20:09","3.84972222222222","135.850836852219","27.5189588511109","317.999120867012",1.36591663194908,1.37330372563534,0.130475937185604,1.6452010856156,0.484579323957559,"MS","MS"
"M","43","MS","SL2","SL2_02","604","2022-09-23 19:31:03","2022-09-23 21:23:32","1.87472222222222","41.23785645998","9.04854958994352","284.650121522638",1.84806609580679,1.84949420182581,0.0668918125331816,2.08832963237109,1.58499876634591,"SP","SP"
"M","43","MS","SL2","SL2_02","604","2022-09-23 19:31:03","2022-09-23 21:23:32","1.87472222222222","41.23785645998","9.04854958994352","284.650121522638",2.19790161314958,2.15050579817419,0.641126175308014,12.5961016530965,1.66395262768319,"MS","MS"
"M","44","MS","SL2","SL2_03","824","2022-09-24 11:17:19","2022-09-24 13:38:59","2.36111111111111","84.507179844828","26.7256403752657","316.266694242865",2.11134099685195,2.11547002220578,0.0715624035275644,2.61929434986429,1.91265729089564,"SP","SP"
"M","44","MS","SL2","SL2_03","824","2022-09-24 11:17:19","2022-09-24 13:38:59","2.36111111111111","84.507179844828","26.7256403752657","316.266694242865",2.82499261467174,2.75943745373798,0.843446340491032,15.6891191709845,2.39822353811991,"MS","MS"
"M","45","MS","SL2","SL2_04","994","2022-09-25 09:47:39","2022-09-25 12:41:11","2.89222222222222","97.2064961110207","25.8382694552066","317.565401367517",2.05493743333897,2.05625462620281,0.0805886802511981,2.23735504564521,1.76757957068839,"SP","SP"
"M","45","MS","SL2","SL2_04","994","2022-09-25 09:47:39","2022-09-25 12:41:11","2.89222222222222","97.2064961110207","25.8382694552066","317.565401367517",2.63298461164965,2.64495435479891,0.969728616186395,24.9059955588453,1.39945719220331,"MS","MS"
"F","46","MS","SL20","SL20_01","1166","2022-09-23 09:20:29","2022-09-23 12:43:50","3.38916666666667","113.074858699035","33.8150231132926","212.028469062928",1.19905496772086,1.20503330866026,0.654016697446129,15.4157414261041,0.74216629657044,"SP","SP"
"F","46","MS","SL20","SL20_01","1166","2022-09-23 09:20:29","2022-09-23 12:43:50","3.38916666666667","113.074858699035","33.8150231132926","212.028469062928",1.46058971501173,1.4675548976067,0.128153135393197,1.7567234147545,0.92968171724648,"MS","MS"
"F","47","MS","SL20","SL20_02","644","2022-09-24 09:04:43","2022-09-24 11:12:20","2.12694444444444","83.2734952109792","30.0216882095607","323.697489457535",1.73328665934491,1.72612879348631,0.0718266557559494,1.9294349864298,1.56427337774487,"SP","SP"
"F","47","MS","SL20","SL20_02","644","2022-09-24 09:04:43","2022-09-24 11:12:20","2.12694444444444","83.2734952109792","30.0216882095607","323.697489457535",2.27082518752772,2.23636812237849,0.473355429800012,8.6592647421663,1.88304959289415,"MS","MS"
"F","48","MS","SL20","SL20_03","1058","2022-09-24 16:19:51","2022-09-24 19:30:00","3.16916666666667","104.101607761489","30.8853479472342","325.940161017649",1.67237339087931,1.66592647421664,0.110404782530563,1.92647421662966,1.37182334073527,"SP","SP"
"F","48","MS","SL20","SL20_03","1058","2022-09-24 16:19:51","2022-09-24 19:30:00","3.16916666666667","104.101607761489","30.8853479472342","325.940161017649",2.0215966104427,1.9718726868986,0.713146078385362,17.0431778929188,1.4793979768073,"MS","MS"
"F","49","MS","SL20","SL20_04","970","2022-09-25 09:16:43","2022-09-25 12:06:03","2.82222222222222","127.751769463385","45.1213419083904","10.8787311870657",1.73904884369693,1.72168763878609,0.096259974655454,1.95213422156427,1.45768566493955,"SP","SP"
"F","49","MS","SL20","SL20_04","970","2022-09-25 09:16:43","2022-09-25 12:06:03","2.82222222222222","127.751769463385","45.1213419083904","10.8787311870657",2.22364555712755,2.18603503577598,0.635743881172717,14.6587712805329,1.68073032321737,"MS","MS"
"F","50","MS","SL21","SL21_01","410","2022-09-22 12:08:40","2022-09-22 13:18:30","1.16388888888889","43.0104667757402","20.0431468372277","162.775674196164",1.87540610717517,1.88601036269429,0.0671774975565614,2.01134961756724,1.44090796940537,"SP","SP"
"F","50","MS","SL21","SL21_01","410","2022-09-22 12:08:40","2022-09-22 13:18:30","1.16388888888889","43.0104667757402","20.0431468372277","162.775674196164",1.45211268157234,1.45768566493955,0.0823253343803184,1.63927954601529,1.10634098198865,"MS","MS"
"F","51","MS","SL21","SL21_02","1151","2022-09-23 09:29:59","2022-09-23 12:43:49","3.23055555555556","110.392820621321","34.9353652756471","208.194374139898",2.17351113785128,2.17813964964223,0.0709457802933898,2.33900814211695,2.02615346656797,"SP","SP"
"F","51","MS","SL21","SL21_02","1151","2022-09-23 09:29:59","2022-09-23 12:43:49","3.23055555555556","110.392820621321","34.9353652756471","208.194374139898",1.82022718552138,1.85146804835924,0.173106307985549,2.13668887244018,1.22871946706144,"MS","MS"
"F","52","MS","SL21","SL21_03","1409","2022-09-24 08:51:30","2022-09-24 13:03:36","4.20166666666667","208.131407584231","86.9488340340342","198.828641834192",2.23372971444937,2.23932889217864,0.0683844583188413,2.3844066123859,1.81495188749076,"SP","SP"
"F","52","MS","SL21","SL21_03","1409","2022-09-24 08:51:30","2022-09-24 13:03:36","4.20166666666667","208.131407584231","86.9488340340342","198.828641834192",2.73678387697527,2.66716012830002,0.87748370838179,15.4729829755736,2.18406118924255,"MS","MS"
"F","53","MS","SL3","SL3_01","843","2022-09-21 16:57:40","2022-09-21 19:19:40","2.36666666666667","73.7400554807402","30.5827718438921","174.776212262031",1.19953207600373,1.2573402417962,0.172481903365791,2.31433506044905,0.716506291635824,"SP","SP"
"F","53","MS","SL3","SL3_01","843","2022-09-21 16:57:40","2022-09-21 19:19:40","2.36666666666667","73.7400554807402","30.5827718438921","174.776212262031",1.09957657313883,1.11028867505551,0.0804916237046847,1.33826794966691,0.885270170244266,"MS","MS"
"F","54","MS","SL3","SL3_02","1030","2022-09-22 15:57:42","2022-09-22 19:06:30","3.14666666666667","86.0139849551142","33.5442115154731","176.422339034166",1.3909915837377,1.39057488280285,0.0714775244527291,1.58598568961263,1.17739945719221,"SP","SP"
"F","54","MS","SL3","SL3_02","1030","2022-09-22 15:57:42","2022-09-22 19:06:30","3.14666666666667","86.0139849551142","33.5442115154731","176.422339034166",0.550546961305417,0.548729336294098,0.1163434168696,0.880335553910679,0.280286207747351,"MS","MS"
"F","55","MS","SL3","SL3_03","1566","2022-09-23 08:30:50","2022-09-23 13:53:00","5.36944444444444","210.362618264529","77.1499020376601","201.242994772376",1.70969489104204,1.70540340488527,0.0742570245428947,2.08734270910438,1.44584258573897,"SP","SP"
"F","55","MS","SL3","SL3_03","1566","2022-09-23 08:30:50","2022-09-23 13:53:00","5.36944444444444","210.362618264529","77.1499020376601","201.242994772376",1.32540059112968,1.32741179373304,0.304710225099517,8.53293856402665,0.92573402417962,"MS","MS"
"F","56","MS","SL4","SL4_01","524","2022-09-21 18:54:50","2022-09-21 20:24:01","1.48638888888889","51.2339664872225","23.3634679747152","170.131378563195",1.88978886891544,1.88995805576117,0.123727696306257,2.13274117937329,1.6155933876141,"SP","SP"
"F","56","MS","SL4","SL4_01","524","2022-09-21 18:54:50","2022-09-21 20:24:01","1.48638888888889","51.2339664872225","23.3634679747152","170.131378563195",1.83507366677241,1.82531458179127,0.0780994579480703,2.02417962003454,1.65408339501604,"MS","MS"
"F","57","MS","SL4","SL4_02","421","2022-09-22 16:16:40","2022-09-22 17:29:10","1.20833333333333","49.4053162121989","23.566347503565","168.461130262389",2.17068169103698,2.1761658031088,0.0992096023343896,2.51270663705897,1.85146804835924,"SP","SP"
"F","57","MS","SL4","SL4_02","421","2022-09-22 16:16:40","2022-09-22 17:29:10","1.20833333333333","49.4053162121989","23.566347503565","168.461130262389",1.47617402746936,1.46360720453984,0.0705418333659862,1.68073032321737,1.33432025660005,"MS","MS"
"F","58","MS","SL4","SL4_03","1978","2022-09-23 09:12:49","2022-09-23 14:57:20","5.74194444444444","193.078570088844","44.2596288238936","205.25670844985",2.40566139429261,2.40611892425364,0.247944807098405,7.14137675795706,2.15938810757465,"SP","SP"
"F","58","MS","SL4","SL4_03","1978","2022-09-23 09:12:49","2022-09-23 14:57:20","5.74194444444444","193.078570088844","44.2596288238936","205.25670844985",2.14262559547534,2.15840118430791,0.174888130866559,2.55514433752777,1.69158647915126,"MS","MS"
"F","59","MS","SL4","SL4_04","2326","2022-09-24 09:05:30","2022-09-24 15:53:00","6.79166666666667","191.37615395503","60.2151588277277","196.294498992968",2.37477663384399,2.3794719960523,0.0823399924890534,3.12755983222305,2.16530964717494,"SP","SP"
"F","59","MS","SL4","SL4_04","2326","2022-09-24 09:05:30","2022-09-24 15:53:00","6.79166666666667","191.37615395503","60.2151588277277","196.294498992968",3.10614359733531,3.08216136195411,0.552222805077404,17.0471255859857,2.70614359733531,"MS","MS"
"M","60","MS","SL5","SL5_01","285","2022-09-22 13:02:10","2022-09-22 14:58:31","1.93916666666667","36.1601348049214","8.66259736141264","169.70387651812",1.36992918365814,1.41524796447075,0.213357982398349,3.27559832223045,0.936590180113497,"SP","SP"
"M","60","MS","SL5","SL5_01","285","2022-09-22 13:02:10","2022-09-22 14:58:31","1.93916666666667","36.1601348049214","8.66259736141264","169.70387651812",1.32647580844138,1.25240562546263,0.588188640848984,6.81174438687392,1.06883789785343,"MS","MS"
"M","61","MS","SL5","SL5_02","477","2022-09-22 18:43:00","2022-09-22 20:02:20","1.32222222222222","53.2361266814036","22.861685056648","168.783766173123",1.59944373415876,1.60572415494695,0.0896816239134845,2.03207500616826,1.43301258327165,"SP","SP"
"M","61","MS","SL5","SL5_02","477","2022-09-22 18:43:00","2022-09-22 20:02:20","1.32222222222222","53.2361266814036","22.861685056648","168.783766173123",0.989052943238926,1.00666173205034,0.0958269985293303,1.17345176412535,0.540833950160377,"MS","MS"
"M","62","MS","SL5","SL5_03","281","2022-09-23 12:27:03","2022-09-23 13:42:31","1.25777777777778","29.3849335373466","9.50509621445477","347.712939928542",1.86728004478297,1.85788304959289,0.0943174868597607,3.14532445102392,1.70540340488527,"SP","SP"
"M","62","MS","SL5","SL5_03","281","2022-09-23 12:27:03","2022-09-23 13:42:31","1.25777777777778","29.3849335373466","9.50509621445477","347.712939928542",1.86780003661167,1.85936343449296,0.139840786838821,2.96669133974833,1.66888724401679,"MS","MS"
"M","63","MS","SL5","SL5_04","268","2022-09-23 18:57:32","2022-09-23 20:08:47","1.1875","35.4297291669449","11.1816579550461","342.169101938051",1.79321493676197,1.8129780409573,0.10292628399344,2.00937577103379,1.43399950653836,"SP","SP"
"M","63","MS","SL5","SL5_04","268","2022-09-23 18:57:32","2022-09-23 20:08:47","1.1875","35.4297291669449","11.1816579550461","342.169101938051",2.23750605029803,1.84159881569209,2.00601582917722,16.5368862570935,1.64816185541575,"MS","MS"
"M","64","MS","SL5","SL5_05","1587","2022-09-24 06:10:05","2022-09-24 12:05:46","5.92805555555556","161.056342565596","47.6413351899491","201.229858522764",2.49647068010062,2.50678509745868,0.31773011446001,10.5304712558599,1.95904268443128,"MS","MS"
"M","65","MS","SL6","SL6_01","814","2022-09-22 09:55:09","2022-09-22 12:14:39","2.325","84.8154027370495","18.3818854431711","217.483171080632",1.62121110166329,1.5840118430792,0.19884034641596,3.9506538366642,1.29089563286454,"SP","SP"
"M","65","MS","SL6","SL6_01","814","2022-09-22 09:55:09","2022-09-22 12:14:39","2.325","84.8154027370495","18.3818854431711","217.483171080632",1.93119665419386,1.82580804342462,1.2386725375528,16.9553417221811,0.720453984702685,"MS","MS"
"M","66","MS","SL6","SL6_02","346","2022-09-22 15:22:09","2022-09-22 16:23:19","1.01944444444444","38.3445350705449","17.5878836402831","159.516247791086",2.06241344003796,2.07204539847027,0.0868475673746686,2.66469282013323,1.66888724401679,"SP","SP"
"M","66","MS","SL6","SL6_02","346","2022-09-22 15:22:09","2022-09-22 16:23:19","1.01944444444444","38.3445350705449","17.5878836402831","159.516247791086",1.48169857496282,1.48630643967431,0.0769734202724327,1.69948186528498,1.28694793979768,"MS","MS"
"M","67","MS","SL6","SL6_03","900","2022-09-23 17:16:50","2022-09-23 19:52:00","2.58611111111111","89.9552992855125","22.6980335368396","318.711554878812",1.88638994856611,1.88452997779422,0.0543466576284731,2.06661732050334,1.72316802368616,"SP","SP"
"M","67","MS","SL6","SL6_03","900","2022-09-23 17:16:50","2022-09-23 19:52:00","2.58611111111111","89.9552992855125","22.6980335368396","318.711554878812",2.02632602677105,2.00789538613372,1.26520272023009,24.2200838884777,-0.452010856155938,"MS","MS"
"M","68","MS","SL6","SL6_04","933","2022-09-24 14:58:19","2022-09-24 17:52:50","2.90861111111111","103.346976062783","28.4887336861147","320.586495318914",2.08160289758434,2.05970885763631,0.353942297081153,8.59610165309646,1.87614113002714,"SP","SP"
"M","68","MS","SL6","SL6_04","933","2022-09-24 14:58:19","2022-09-24 17:52:50","2.90861111111111","103.346976062783","28.4887336861147","320.586495318914",2.68059212004514,2.71699975326918,0.775743021066325,14.425857389588,0.886257093510981,"MS","MS"
"M","69","MS","SL6","SL6_05","951","2022-09-25 12:45:02","2022-09-25 15:45:28","3.00722222222222","94.129463138478","28.3515457079722","317.408687437665",2.22591744654644,2.22353811991117,0.0703347958070892,2.39328892178633,1.99753269183321,"SP","SP"
"M","69","MS","SL6","SL6_05","951","2022-09-25 12:45:02","2022-09-25 15:45:28","3.00722222222222","94.129463138478","28.3515457079722","317.408687437665",2.88061669525669,2.78559092030595,1.12063063964215,19.9506538366642,2.32815198618307,"MS","MS"
"F","70","MS","SL7","SL7_01","380","2022-09-22 08:54:59","2022-09-22 09:58:09","1.05277777777778","41.9643410667181","17.4045147739","149.778394909687",1.07908364459923,1.04811250925241,0.304735820813456,6.43375277572169,0.804342462373548,"SP","SP"
"F","70","MS","SL7","SL7_01","380","2022-09-22 08:54:59","2022-09-22 09:58:09","1.05277777777778","41.9643410667181","17.4045147739","149.778394909687",0.97560817115605,0.972119417715275,0.0519227277874619,1.11917098445595,0.853688625709349,"MS","MS"
"F","71","MS","SL7","SL7_02","446","2022-09-22 13:49:29","2022-09-22 15:07:39","1.30277777777778","37.4195567167672","15.0479977538224","138.72702285002",1.50380355565958,1.50111028867506,0.0647893763438406,1.68665186281766,1.32839871699976,"SP","SP"
"F","71","MS","SL7","SL7_02","446","2022-09-22 13:49:29","2022-09-22 15:07:39","1.30277777777778","37.4195567167672","15.0479977538224","138.72702285002",0.754335412921646,0.74019245003701,0.0971086769051307,1.04120404638539,0.557611645694545,"MS","MS"
"F","72","MS","SL7","SL7_03","2018","2022-09-23 08:57:10","2022-09-23 15:05:11","6.13361111111111","208.550187664626","30.2530438762504","169.441276813441",1.61048555617658,1.58697261287934,0.331331839091857,6.70910436713546,1.47545028374044,"SP","SP"
"F","72","MS","SL7","SL7_03","2018","2022-09-23 08:57:10","2022-09-23 15:05:11","6.13361111111111","208.550187664626","30.2530438762504","169.441276813441",1.41777174760873,1.42709104367136,0.133897177843394,1.73501110288674,0.95238095238095,"MS","MS"
"F","73","MS","SL7","SL7_04","2066","2022-09-24 08:43:09","2022-09-24 14:44:17","6.01888888888889","202.6384216971","73.7265962301423","198.259121603174",1.56477554021308,1.54946952874414,0.0940374619111635,2.27584505304712,1.37577103380213,"SP","SP"
"F","73","MS","SL7","SL7_04","2066","2022-09-24 08:43:09","2022-09-24 14:44:17","6.01888888888889","202.6384216971","73.7265962301423","198.259121603174",2.1945708837417,2.16728349370837,0.394060755401267,10.9587959536146,1.41623488773747,"MS","MS"
"F","74","MS","SL7","SL7_05","490","2022-09-24 18:06:50","2022-09-24 19:28:23","1.35916666666667","56.5023508115391","24.3718763920444","132.274693904777",1.44396104138155,1.44189489267208,0.0535264244290828,1.58203799654577,1.31063409819886,"SP","SP"
"F","74","MS","SL7","SL7_05","490","2022-09-24 18:06:50","2022-09-24 19:28:23","1.35916666666667","56.5023508115391","24.3718763920444","132.274693904777",2.05938412804533,2.05674808783616,0.0981024543553227,2.48211201579078,1.82482112015791,"MS","MS"
"F","75","MS","SL7","SL7_06","706","2022-09-25 16:47:29","2022-09-25 18:45:00","1.95861111111111","55.2679527642777","20.3462191673556","95.4485287369308",1.61324682005974,1.56476683937823,0.814580994026419,12.6622255119664,1.36392795460152,"SP","SP"
"F","75","MS","SL7","SL7_06","706","2022-09-25 16:47:29","2022-09-25 18:45:00","1.95861111111111","55.2679527642777","20.3462191673556","95.4485287369308",1.86316533207725,1.87466074512707,0.0763239260198591,2.02319269676783,1.64322723908217,"MS","MS"
"M","76","MS","SL8","SL8_01","394","2022-09-22 17:47:50","2022-09-22 18:53:21","1.09194444444444","40.2735183873513","18.7776941479077","163.682891830969",1.95256099919312,1.96940537873181,0.0788701788057925,2.10017271157167,1.74981495188749,"SP","SP"
"M","76","MS","SL8","SL8_01","394","2022-09-22 17:47:50","2022-09-22 18:53:21","1.09194444444444","40.2735183873513","18.7776941479077","163.682891830969",1.03820057317467,1.0106094251172,0.390190284109756,6.49198124845793,0.839871699975326,"MS","MS"
"M","77","MS","SL8","SL8_02","448","2022-09-23 18:47:51","2022-09-23 20:30:30","1.71083333333333","42.9935992225341","13.8280346072142","278.637521641084",2.00150259860704,1.99950653836664,0.0791024930046899,2.1761658031088,1.82186035035776,"SP","SP"
"M","77","MS","SL8","SL8_02","448","2022-09-23 18:47:51","2022-09-23 20:30:30","1.71083333333333","42.9935992225341","13.8280346072142","278.637521641084",1.69903437833795,1.9412780656304,0.561894384578932,2.11398963730571,-0.351344682950895,"MS","MS"
"M","78","MS","SL8","SL8_03","678","2022-09-24 11:35:43","2022-09-24 13:34:53","1.98611111111111","47.306057716566","18.1527678832701","190.707116007971",2.57461516265415,2.55415741426105,0.121853485195849,2.83937823834197,2.34887737478411,"MS","MS"
"M","79","MS","SL8","SL8_04","497","2022-09-25 09:32:40","2022-09-25 11:01:08","1.47444444444444","55.7534545491236","24.513023667173","141.290340686166",2.56349247063863,2.5521835677276,0.102953786260427,2.7989143844066,2.32913890944978,"MS","MS"
"M","80","MS","SL9","SL9_01","1888","2022-09-23 12:27:09","2022-09-23 18:03:10","5.60027777777778","142.113512068451","38.5600235372058","198.430100678729",0.87040451782956,0.695780903034785,0.51972429909473,9.10535405872193,0.260547742413026,"SP","SP"
"M","80","MS","SL9","SL9_01","1888","2022-09-23 12:27:09","2022-09-23 18:03:10","5.60027777777778","142.113512068451","38.5600235372058","198.430100678729",1.81149458471927,1.77843572662225,0.646634399797814,13.6254626202813,0.803355539106833,"MS","MS"
"M","81","MS","SL9","SL9_02","455","2022-09-25 10:39:39","2022-09-25 11:57:00","1.28916666666667","59.9486286456885","26.1710940940951","139.723957543321",1.67957329610306,1.68763878608437,0.144417106777145,3.10979521342216,1.32346410066618,"SP","SP"
"M","81","MS","SL9","SL9_02","455","2022-09-25 10:39:39","2022-09-25 11:57:00","1.28916666666667","59.9486286456885","26.1710940940951","139.723957543321",2.44851176457394,2.45398470268936,0.0620295719062442,2.59955588452997,2.29360967184801,"MS","MS"
"M","82","MS","SL9","SL9_03","967","2022-09-25 14:17:20","2022-09-25 17:08:29","2.8525","65.0373639850106","18.6435695822064","100.938967869014",1.81693434091313,1.81495188749076,0.0763888328433577,2.09326424870467,1.59190722921294,"SP","SP"
"M","82","MS","SL9","SL9_03","967","2022-09-25 14:17:20","2022-09-25 17:08:29","2.8525","65.0373639850106","18.6435695822064","100.938967869014",2.26858737117804,2.25117197137922,0.129220432592567,2.64791512459906,1.97483345669874,"MS","MS"
"M","1","SP","SLSPSP1","SLSPSP1_01","514","2022-06-16 18:32:32","2022-06-16 19:59:51","1.45527777777778","57.8227983821388","21.6880565565621","49.1420071939717",NA,NA,NA,NA,NA,NA,NA
"M","2","SP","SLSPSP1","SLSPSP1_02","964","2022-06-17 16:35:40","2022-06-17 19:20:30","2.74722222222222","70.7510966145992","24.6641905108889","39.497429442215",NA,NA,NA,NA,NA,NA,NA
"M","3","SP","SLSPSP10","SLSPSP10_01","1342","2022-06-17 15:32:19","2022-06-17 19:21:59","3.82777777777778","98.9149545008475","25.0688290208535","7.21781937276774",NA,NA,NA,NA,NA,NA,NA
"M","4","SP","SLSPSP10","SLSPSP10_02","1221","2022-06-18 11:02:29","2022-06-18 14:34:00","3.52527777777778","82.2705036692633","20.8968108294313","295.192739284513",NA,NA,NA,NA,NA,NA,NA
"M","5","SP","SLSPSP10","SLSPSP10_03","888","2022-06-19 10:48:59","2022-06-19 13:21:01","2.53388888888889","69.3207884214072","22.2851608168597","320.678038196961",NA,NA,NA,NA,NA,NA,NA
"F","6","SP","SLSPSP11","SLSPSP11_01","557","2022-06-17 11:08:20","2022-06-17 12:45:20","1.61666666666667","52.6683076588224","20.1432998993648","355.54125871586",NA,NA,NA,NA,NA,NA,NA
"F","7","SP","SLSPSP11","SLSPSP11_02","789","2022-06-17 15:59:31","2022-06-17 18:17:23","2.29777777777778","85.3471061016193","31.9409658367484","351.893551000742",NA,NA,NA,NA,NA,NA,NA
"F","8","SP","SLSPSP11","SLSPSP11_03","468","2022-06-18 11:36:40","2022-06-18 13:04:00","1.45555555555556","52.8903343210053","22.2979436776098","276.359205268944",NA,NA,NA,NA,NA,NA,NA
"F","9","SP","SLSPSP11","SLSPSP11_04","653","2022-06-18 16:55:30","2022-06-18 18:53:30","1.96666666666667","68.657573694831","27.5278240738052","36.0571578184507",NA,NA,NA,NA,NA,NA,NA
"F","10","SP","SLSPSP11","SLSPSP11_05","1749","2022-06-19 11:40:40","2022-06-19 16:51:16","5.17666666666667","130.807425737078","34.1079558873094","258.158541909419",NA,NA,NA,NA,NA,NA,NA
"F","11","SP","SLSPSP11","SLSPSP11_06","394","2022-06-19 18:54:50","2022-06-19 20:10:32","1.26166666666667","50.9707406447976","19.6095777814392","29.1980467921062",NA,NA,NA,NA,NA,NA,NA
"M","12","SP","SLSPSP12","SLSPSP12_01","871","2022-06-17 15:27:10","2022-06-17 18:00:19","2.5525","73.1465945963148","23.0604808465597","45.1770958972663",NA,NA,NA,NA,NA,NA,NA
"M","13","SP","SLSPSP12","SLSPSP12_02","622","2022-06-18 14:05:31","2022-06-18 15:50:31","1.75","48.7298497046551","14.7737783223717","329.103256125916",NA,NA,NA,NA,NA,NA,NA
"M","14","SP","SLSPSP12","SLSPSP12_03","830","2022-06-19 15:46:50","2022-06-19 18:09:51","2.38361111111111","54.2371842084865","12.2772654711176","53.3866578764449",NA,NA,NA,NA,NA,NA,NA
"F","15","SP","SLSPSP13","SLSPSP13_01","1395","2022-06-17 14:16:12","2022-06-17 18:11:19","3.91861111111111","141.293902616306","40.9115055088119","39.6332823943144",NA,NA,NA,NA,NA,NA,NA
"F","16","SP","SLSPSP13","SLSPSP13_02","509","2022-06-18 10:54:09","2022-06-18 12:31:22","1.62027777777778","52.1774595363525","20.7403801178719","273.296219520461",NA,NA,NA,NA,NA,NA,NA
"F","17","SP","SLSPSP13","SLSPSP13_03","671","2022-06-18 17:24:50","2022-06-18 19:16:32","1.86166666666667","68.9521220998699","21.5928421338141","354.875203996392",NA,NA,NA,NA,NA,NA,NA
"F","18","SP","SLSPSP13","SLSPSP13_04","449","2022-06-19 08:59:30","2022-06-19 10:14:20","1.24722222222222","39.3258419155717","12.9917548506061","327.533247535881",NA,NA,NA,NA,NA,NA,NA
"F","19","SP","SLSPSP13","SLSPSP13_05","1480","2022-06-19 12:44:10","2022-06-19 16:52:19","4.13583333333333","100.390513982893","30.0774846341982","290.961405518072",NA,NA,NA,NA,NA,NA,NA
"F","20","SP","SLSPSP13","SLSPSP13_06","1433","2022-06-20 08:18:09","2022-06-20 12:30:22","4.20361111111111","112.698767602554","30.2921923757841","45.1684122545369",NA,NA,NA,NA,NA,NA,NA
"M","21","SP","SLSPSP15","SLSPSP15_01","637","2022-06-17 11:10:30","2022-06-17 12:56:32","1.76722222222222","48.8835557270241","16.9519404877324","339.832944707914",NA,NA,NA,NA,NA,NA,NA
"M","22","SP","SLSPSP15","SLSPSP15_02","814","2022-06-18 10:01:10","2022-06-18 12:19:39","2.30805555555556","55.6773996879671","18.4650854193834","13.0210351154359",NA,NA,NA,NA,NA,NA,NA
"M","23","SP","SLSPSP15","SLSPSP15_03","681","2022-06-18 16:35:30","2022-06-18 18:38:02","2.04222222222222","59.1228775713459","20.9085016210614","43.0046770273621",NA,NA,NA,NA,NA,NA,NA
"M","24","SP","SLSPSP15","SLSPSP15_04","1128","2022-06-19 13:42:29","2022-06-19 17:12:10","3.49472222222222","81.7498305256859","20.0407515200656","22.3151085483127",NA,NA,NA,NA,NA,NA,NA
"F","25","SP","SLSPSP16","SLSPSP16_01","780","2022-06-17 17:09:10","2022-06-17 19:19:02","2.16444444444444","78.8398216499932","29.246689673653","56.5103798224559",NA,NA,NA,NA,NA,NA,NA
"F","26","SP","SLSPSP16","SLSPSP16_02","298","2022-06-18 09:39:00","2022-06-18 10:48:30","1.15833333333333","40.1209320013719","18.947516172271","266.123059961911",NA,NA,NA,NA,NA,NA,NA
"F","27","SP","SLSPSP16","SLSPSP16_03","729","2022-06-18 14:45:11","2022-06-18 16:47:53","2.045","71.8426695855887","22.8033078944135","22.3316872014711",NA,NA,NA,NA,NA,NA,NA
"F","28","SP","SLSPSP16","SLSPSP16_04","1120","2022-06-19 11:33:13","2022-06-19 14:45:01","3.19666666666667","93.4129210743532","26.1673329804148","273.240664050905",NA,NA,NA,NA,NA,NA,NA
"F","29","SP","SLSPSP16","SLSPSP16_05","536","2022-06-19 18:07:40","2022-06-19 19:36:50","1.48611111111111","47.8360956095823","17.3002485013604","67.1631083807008",NA,NA,NA,NA,NA,NA,NA
"F","30","SP","SLSPSP16","SLSPSP16_06","692","2022-06-20 10:33:50","2022-06-20 12:31:50","1.96666666666667","54.7711421481388","19.4533557668695","83.7593888449674",NA,NA,NA,NA,NA,NA,NA
"F","31","SP","SLSPSP16","SLSPSP16_07","1007","2022-06-20 14:14:10","2022-06-20 17:06:01","2.86416666666667","75.5828384649254","25.6091529020073","48.0027962688855",NA,NA,NA,NA,NA,NA,NA
"F","32","SP","SLSPSP17","SLSPSP17_01","431","2022-06-17 17:08:30","2022-06-17 18:29:21","1.3475","53.9738240887154","24.6116424230773","50.414917421457",NA,NA,NA,NA,NA,NA,NA
"F","33","SP","SLSPSP17","SLSPSP17_02","577","2022-06-18 11:05:50","2022-06-18 12:52:49","1.78305555555556","61.4805212228934","24.1192713229466","310.995994515115",NA,NA,NA,NA,NA,NA,NA
"F","34","SP","SLSPSP17","SLSPSP17_03","526","2022-06-18 17:58:30","2022-06-18 19:27:13","1.47861111111111","51.3515725592413","17.1817678334028","262.208043472987",NA,NA,NA,NA,NA,NA,NA
"F","35","SP","SLSPSP17","SLSPSP17_04","415","2022-06-19 07:53:41","2022-06-19 09:07:50","1.23583333333333","39.7779265901508","13.4072768278697","58.068079764191",NA,NA,NA,NA,NA,NA,NA
"F","36","SP","SLSPSP17","SLSPSP17_05","406","2022-06-19 10:43:50","2022-06-19 11:51:21","1.12527777777778","38.376125440847","15.8868036084856","30.3625022942194",NA,NA,NA,NA,NA,NA,NA
"F","37","SP","SLSPSP17","SLSPSP17_06","371","2022-06-19 16:24:40","2022-06-19 17:26:20","1.02777777777778","38.8847451535455","16.1174820460038","46.0184440876275",NA,NA,NA,NA,NA,NA,NA
"F","38","SP","SLSPSP17","SLSPSP17_07","376","2022-06-20 11:06:09","2022-06-20 12:11:20","1.08638888888889","43.2412211239133","18.0195572939383","23.6126075363442",NA,NA,NA,NA,NA,NA,NA
"F","39","SP","SLSPSP17","SLSPSP17_08","581","2022-06-20 17:00:59","2022-06-20 18:37:40","1.61138888888889","68.9151071084886","30.3990381103488","61.2251079547074",NA,NA,NA,NA,NA,NA,NA
"F","40","SP","SLSPSP17","SLSPSP17_09","525","2022-06-21 11:51:00","2022-06-21 13:29:00","1.63333333333333","67.8386332444458","28.6817043366247","59.8130007391582",NA,NA,NA,NA,NA,NA,NA
"M","41","SP","SLSPSP18","SLSPSP18_01","562","2022-06-17 13:53:10","2022-06-17 15:30:40","1.625","57.7189310970155","20.952848970796","10.3151094687009",NA,NA,NA,NA,NA,NA,NA
"M","42","SP","SLSPSP18","SLSPSP18_02","488","2022-06-18 11:41:49","2022-06-18 13:05:21","1.39222222222222","55.4604393132744","22.2109368085984","274.733409336687",NA,NA,NA,NA,NA,NA,NA
"M","43","SP","SLSPSP18","SLSPSP18_03","578","2022-06-19 08:24:10","2022-06-19 10:03:32","1.65611111111111","49.5623825970802","12.2846690059744","311.173156378691",NA,NA,NA,NA,NA,NA,NA
"M","44","SP","SLSPSP18","SLSPSP18_04","834","2022-06-19 13:48:10","2022-06-19 16:19:01","2.51416666666667","91.4830752921097","30.1322476351266","291.820106277966",NA,NA,NA,NA,NA,NA,NA
"M","45","SP","SLSPSP18","SLSPSP18_05","1188","2022-06-20 09:12:13","2022-06-20 12:36:11","3.39944444444444","108.779716870489","29.0432468460869","270.28348836109",NA,NA,NA,NA,NA,NA,NA
"M","46","SP","SLSPSP19","SLSPSP19_01","984","2022-06-17 15:51:41","2022-06-17 18:43:30","2.86361111111111","103.037142772095","26.6031694569335","278.316181324454",NA,NA,NA,NA,NA,NA,NA
"M","47","SP","SLSPSP19","SLSPSP19_02","1640","2022-06-18 13:02:51","2022-06-18 18:02:10","4.98861111111111","130.408497328841","29.2760336256953","288.278407118181",NA,NA,NA,NA,NA,NA,NA
"M","48","SP","SLSPSP19","SLSPSP19_03","2552","2022-06-19 11:31:00","2022-06-19 19:01:59","7.51638888888889","232.523045217762","38.1686789479938","244.290087764946",NA,NA,NA,NA,NA,NA,NA
"M","49","SP","SLSPSP19","SLSPSP19_04","912","2022-06-20 09:56:39","2022-06-20 12:36:02","2.65638888888889","66.638684215016","20.2296998585107","22.5863896818373",NA,NA,NA,NA,NA,NA,NA
"M","50","SP","SLSPSP19","SLSPSP19_05","606","2022-06-20 18:17:39","2022-06-20 20:06:00","1.80583333333333","76.4526786688413","35.5976127273596","45.3827055463653",NA,NA,NA,NA,NA,NA,NA
"M","51","SP","SLSPSP19","SLSPSP19_06","658","2022-06-21 11:41:50","2022-06-21 13:33:10","1.85555555555556","68.1110315643213","28.9339241179175","59.0978009005636",NA,NA,NA,NA,NA,NA,NA
"F","52","SP","SLSPSP2","SLSPSP2_01","601","2022-06-16 18:01:10","2022-06-16 19:41:10","1.66666666666667","50.4226167881779","11.1199754172172","314.614120166287",NA,NA,NA,NA,NA,NA,NA
"F","53","SP","SLSPSP2","SLSPSP2_02","861","2022-06-17 17:25:40","2022-06-17 20:03:01","2.6225","88.3691369805725","24.3360866713644","337.024673986702",NA,NA,NA,NA,NA,NA,NA
"F","54","SP","SLSPSP2","SLSPSP2_03","423","2022-06-18 09:21:09","2022-06-18 10:32:42","1.1925","39.2495966132942","15.7498789143883","255.111584013802",NA,NA,NA,NA,NA,NA,NA
"F","55","SP","SLSPSP2","SLSPSP2_04","1525","2022-06-18 15:15:41","2022-06-18 19:35:00","4.32194444444444","116.601279567937","21.7811813639773","279.911321994043",NA,NA,NA,NA,NA,NA,NA
"F","56","SP","SLSPSP2","SLSPSP2_05","1124","2022-06-19 08:26:29","2022-06-19 11:40:41","3.23666666666667","86.6320937050056","18.1737692270888","330.450221702695",NA,NA,NA,NA,NA,NA,NA
"F","57","SP","SLSPSP2","SLSPSP2_06","425","2022-06-19 16:52:12","2022-06-19 18:10:42","1.30833333333333","43.4511194972396","17.2382852826953","48.2836524434816",NA,NA,NA,NA,NA,NA,NA
"F","58","SP","SLSPSP20","SLSPSP20_01","1094","2022-06-17 13:10:13","2022-06-17 16:38:42","3.47472222222222","112.961855049635","29.349671045392","12.4694509421141",NA,NA,NA,NA,NA,NA,NA
"F","59","SP","SLSPSP20","SLSPSP20_02","589","2022-06-18 13:15:41","2022-06-18 14:56:50","1.68583333333333","64.7824012508553","23.898465468378","355.582245375046",NA,NA,NA,NA,NA,NA,NA
"F","60","SP","SLSPSP20","SLSPSP20_03","1055","2022-06-19 13:21:40","2022-06-19 16:25:11","3.05861111111111","80.3533034500482","19.7809903069842","20.7231602180352",NA,NA,NA,NA,NA,NA,NA
"F","61","SP","SLSPSP20","SLSPSP20_04","811","2022-06-20 14:02:27","2022-06-20 16:19:21","2.28166666666667","91.6030125814851","33.5715397242875","54.5439500470487",NA,NA,NA,NA,NA,NA,NA
"M","62","SP","SLSPSP21","SLSPSP21_01","1281","2022-06-17 16:35:31","2022-06-17 20:19:11","3.72777777777778","90.2916361898578","25.0124829207732","336.345161195973",NA,NA,NA,NA,NA,NA,NA
"M","63","SP","SLSPSP21","SLSPSP21_02","716","2022-06-18 10:40:19","2022-06-18 12:43:19","2.05","53.7914668642079","20.6651237746039","273.375787601724",NA,NA,NA,NA,NA,NA,NA
"M","64","SP","SLSPSP21","SLSPSP21_03","792","2022-06-19 11:01:29","2022-06-19 13:15:51","2.23944444444444","55.9838949910815","15.4379850253293","337.683469109762",NA,NA,NA,NA,NA,NA,NA
"M","65","SP","SLSPSP21","SLSPSP21_04","672","2022-06-20 04:35:24","2022-06-20 06:33:16","1.96444444444444","51.5407636741208","17.9692975557693","1.27412527268513",NA,NA,NA,NA,NA,NA,NA
"M","66","SP","SLSPSP21","SLSPSP21_05","472","2022-06-21 04:51:04","2022-06-21 06:11:06","1.33388888888889","48.2958582006471","21.2875417851987","77.0342468349957",NA,NA,NA,NA,NA,NA,NA
"M","67","SP","SLSPSP3","SLSPSP3_01","982","2022-06-16 17:06:30","2022-06-16 19:54:01","2.79194444444444","82.1404904255973","22.2942949916561","354.335934584788",NA,NA,NA,NA,NA,NA,NA
"M","68","SP","SLSPSP3","SLSPSP3_02","1103","2022-06-17 16:55:00","2022-06-17 20:19:21","3.40583333333333","90.7010803761973","25.0456078526267","336.653183611475",NA,NA,NA,NA,NA,NA,NA
"M","69","SP","SLSPSP3","SLSPSP3_03","1141","2022-06-18 09:49:40","2022-06-18 13:07:21","3.29472222222222","63.1248404201335","16.2429257229456","358.024828401043",NA,NA,NA,NA,NA,NA,NA
"M","70","SP","SLSPSP3","SLSPSP3_04","1843","2022-06-19 06:58:08","2022-06-19 12:10:57","5.21361111111111","107.028735493757","28.8766915560223","292.716183032758",NA,NA,NA,NA,NA,NA,NA
"F","71","SP","SLSPSP4","SLSPSP4_01","531","2022-06-16 18:42:30","2022-06-16 20:10:52","1.47277777777778","62.2327745456236","21.6817155216435","49.5089567286489",NA,NA,NA,NA,NA,NA,NA
"F","72","SP","SLSPSP4","SLSPSP4_02","1412","2022-06-17 15:02:52","2022-06-17 19:08:01","4.08583333333333","105.441304819058","24.0450469451447","38.3311397144168",NA,NA,NA,NA,NA,NA,NA
"F","73","SP","SLSPSP4","SLSPSP4_03","1351","2022-06-18 11:13:00","2022-06-18 15:11:11","3.96972222222222","116.894256815524","31.0536106005942","305.819497661407",NA,NA,NA,NA,NA,NA,NA
"F","74","SP","SLSPSP4","SLSPSP4_04","704","2022-06-19 08:53:20","2022-06-19 10:55:49","2.04138888888889","69.7300341598021","16.4102625823991","321.273426493495",NA,NA,NA,NA,NA,NA,NA
"F","75","SP","SLSPSP4","SLSPSP4_05","779","2022-06-20 09:14:32","2022-06-20 11:30:50","2.27166666666667","75.7278869190275","22.7433420260866","44.0860822387202",NA,NA,NA,NA,NA,NA,NA
"M","76","SP","SLSPSP5","SLSPSP5_01","1178","2022-06-16 16:19:19","2022-06-16 19:50:41","3.52277777777778","94.8936065602492","26.5170438656616","331.449484691522",NA,NA,NA,NA,NA,NA,NA
"M","77","SP","SLSPSP5","SLSPSP5_02","950","2022-06-17 16:35:39","2022-06-17 19:15:30","2.66416666666667","82.4700007941485","29.2307822887258","48.6941530544652",NA,NA,NA,NA,NA,NA,NA
"M","78","SP","SLSPSP5","SLSPSP5_03","784","2022-06-18 12:28:20","2022-06-18 14:42:39","2.23861111111111","64.7326599471299","22.8963712759712","358.626815990137",NA,NA,NA,NA,NA,NA,NA
"M","79","SP","SLSPSP5","SLSPSP5_04","721","2022-06-19 03:25:19","2022-06-19 05:29:50","2.07527777777778","51.6077950649709","14.5558458691907","323.391303467165",NA,NA,NA,NA,NA,NA,NA
"F","80","SP","SLSPSP6","SLSPSP6_01","536","2022-06-16 15:11:01","2022-06-16 16:40:10","1.48583333333333","44.2779094588952","17.7103221825884","353.896076632166",NA,NA,NA,NA,NA,NA,NA
"F","81","SP","SLSPSP6","SLSPSP6_02","578","2022-06-17 09:41:19","2022-06-17 11:18:32","1.62027777777778","46.7723791714544","13.4265861335422","322.288282543519",NA,NA,NA,NA,NA,NA,NA
"F","82","SP","SLSPSP6","SLSPSP6_03","859","2022-06-17 17:29:49","2022-06-17 19:52:51","2.38388888888889","74.8505098138851","31.6664437295099","60.0536792153756",NA,NA,NA,NA,NA,NA,NA
"F","83","SP","SLSPSP6","SLSPSP6_04","903","2022-06-18 15:56:51","2022-06-18 18:33:41","2.61388888888889","78.9013434029283","26.4693295120421","314.392349573868",NA,NA,NA,NA,NA,NA,NA
"F","84","SP","SLSPSP6","SLSPSP6_05","592","2022-06-19 13:25:20","2022-06-19 15:08:40","1.72222222222222","50.7673306734431","17.6620362851882","3.80107961191851",NA,NA,NA,NA,NA,NA,NA
"F","85","SP","SLSPSP6","SLSPSP6_06","416","2022-06-19 19:06:10","2022-06-19 20:15:20","1.15277777777778","40.6269026506689","14.5816996449017","53.3212380499041",NA,NA,NA,NA,NA,NA,NA
"F","86","SP","SLSPSP7","SLSPSP7_01","563","2022-06-16 16:57:09","2022-06-16 18:35:20","1.63638888888889","64.6899870098512","28.7313321520973","36.1876399567311",NA,NA,NA,NA,NA,NA,NA
"F","87","SP","SLSPSP7","SLSPSP7_02","891","2022-06-17 10:28:30","2022-06-17 13:00:41","2.53638888888889","72.6928816163995","25.0118439954795","336.266560407235",NA,NA,NA,NA,NA,NA,NA
"F","88","SP","SLSPSP7","SLSPSP7_03","497","2022-06-18 09:13:49","2022-06-18 10:40:29","1.44444444444444","41.3175539393342","15.1794760483812","330.9423274679",NA,NA,NA,NA,NA,NA,NA
"F","89","SP","SLSPSP7","SLSPSP7_04","741","2022-06-18 14:50:40","2022-06-18 16:54:13","2.05916666666667","61.6299799384861","22.8589072415873","22.5097910122312",NA,NA,NA,NA,NA,NA,NA
"F","90","SP","SLSPSP7","SLSPSP7_05","768","2022-06-18 17:08:49","2022-06-18 19:16:40","2.13083333333333","50.085446763271","11.2482628556822","297.35355379647",NA,NA,NA,NA,NA,NA,NA
"F","91","SP","SLSPSP7","SLSPSP7_06","488","2022-06-19 08:44:42","2022-06-19 10:14:59","1.50472222222222","41.8764282568546","12.0190978299895","309.753667771052",NA,NA,NA,NA,NA,NA,NA
"F","92","SP","SLSPSP7","SLSPSP7_07","1260","2022-06-19 12:44:29","2022-06-19 16:19:20","3.58083333333333","101.840262060458","28.9301239640799","292.453734493198",NA,NA,NA,NA,NA,NA,NA
"M","93","SP","SLSPSP8","SLSPSP8_01","648","2022-06-17 16:05:50","2022-06-17 17:53:40","1.79722222222222","62.6571651519846","23.1288722636576","38.8233605460318",NA,NA,NA,NA,NA,NA,NA
"M","94","SP","SLSPSP8","SLSPSP8_02","1151","2022-06-18 14:16:39","2022-06-18 17:32:10","3.25861111111111","110.443379337891","26.1476202792176","27.5904408535838",NA,NA,NA,NA,NA,NA,NA
"M","95","SP","SLSPSP9","SLSPSP9_01","1036","2022-06-16 16:19:40","2022-06-16 19:24:21","3.07805555555556","111.969541591459","45.3544271980921","58.8036706337163",NA,NA,NA,NA,NA,NA,NA
"M","96","SP","SLSPSP9","SLSPSP9_02","1458","2022-06-17 12:51:10","2022-06-17 17:05:11","4.23361111111111","132.856015238951","39.3263449025549","70.5553673916767",NA,NA,NA,NA,NA,NA,NA
"M","97","SP","SLSPSP9","SLSPSP9_03","1055","2022-06-18 08:52:20","2022-06-18 11:51:20","2.98333333333333","77.1423825917541","19.0776685934086","276.785150960816",NA,NA,NA,NA,NA,NA,NA
"M","98","SP","SLSPSP9","SLSPSP9_04","546","2022-06-18 16:56:30","2022-06-18 18:27:20","1.51388888888889","53.4084546104076","20.88113271851","42.6829966226445",NA,NA,NA,NA,NA,NA,NA
"M","99","SP","SLSPSP9","SLSPSP9_05","1100","2022-06-19 08:50:20","2022-06-19 12:01:49","3.19138888888889","69.1459107428176","20.8109446883665","7.59077286083539",NA,NA,NA,NA,NA,NA,NA
"M","100","SP","SLSPSP9","SLSPSP9_06","395","2022-06-19 18:43:01","2022-06-19 19:50:02","1.11694444444444","42.0367459714136","15.2723110617679","67.2947926080841",NA,NA,NA,NA,NA,NA,NA
